target,feature,input_bin,n,mae,rmse,r2
Average_Air_Temperature_C,External_Temperature_C,"(-20.001, -7.54]",132,0.2620610211489908,0.3497656968075654,0.9906451355606503
Average_Air_Temperature_C,External_Temperature_C,"(-7.54, 6.29]",131,0.1642965585241726,0.21126657889486833,0.9967124623499681
Average_Air_Temperature_C,External_Temperature_C,"(19.4, 39.72]",131,0.21358010019083817,0.27821199322204176,0.9960836796032542
Average_Air_Temperature_C,External_Temperature_C,"(6.29, 19.4]",131,0.11328319656488582,0.16378620942107477,0.9976641569644047
Average_Air_Temperature_C,Wall_Thickness_m,"(0.049, 0.139]",132,0.20340882891414078,0.2854191179689785,0.9991709679765247
Average_Air_Temperature_C,Wall_Thickness_m,"(0.139, 0.225]",131,0.17972814726463102,0.24719505894561983,0.9989220196699553
Average_Air_Temperature_C,Wall_Thickness_m,"(0.225, 0.309]",131,0.17674872137404543,0.24254477179850442,0.9993873208761638
Average_Air_Temperature_C,Wall_Thickness_m,"(0.309, 0.4]",131,0.19378290553435146,0.2647867235406468,0.9990182874095929
Average_Air_Temperature_C,Solar_Radiation_W_m2,"(1083.0, 1332.6]",131,0.1836547407760818,0.2685579753095945,0.9990316694286272
Average_Air_Temperature_C,Solar_Radiation_W_m2,"(336.999, 595.9]",132,0.17823873263889067,0.23907690249285374,0.999298631309166
Average_Air_Temperature_C,Solar_Radiation_W_m2,"(595.9, 826.3]",131,0.19343598918574936,0.26332101570524463,0.9991360493586866
Average_Air_Temperature_C,Solar_Radiation_W_m2,"(826.3, 1083.0]",131,0.19853127862595255,0.27032550928887245,0.9991488875469283
Minimum_Air_Temperature_C,External_Temperature_C,"(-20.001, -7.54]",132,0.3297742424242426,0.4185439795024867,0.9874844007438393
Minimum_Air_Temperature_C,External_Temperature_C,"(-7.54, 6.29]",131,0.2266173027989809,0.2877014232200034,0.9941961143749709
Minimum_Air_Temperature_C,External_Temperature_C,"(19.4, 39.72]",131,0.181919083969467,0.23334634144038593,0.9972415687432459
Minimum_Air_Temperature_C,External_Temperature_C,"(6.29, 19.4]",131,0.22948346055979468,0.29535915495478954,0.9924635882689623
Minimum_Air_Temperature_C,Wall_Thickness_m,"(0.049, 0.139]",132,0.3022103535353519,0.3985802929240328,0.9984098521571867
Minimum_Air_Temperature_C,Wall_Thickness_m,"(0.139, 0.225]",131,0.19334249363867617,0.2506342840528065,0.998889517278729
Minimum_Air_Temperature_C,Wall_Thickness_m,"(0.225, 0.309]",131,0.22189109414758373,0.2847557030729502,0.9991603981089352
Minimum_Air_Temperature_C,Wall_Thickness_m,"(0.309, 0.4]",131,0.25056055979643727,0.3114380159618604,0.9986167820323065
Minimum_Air_Temperature_C,Solar_Radiation_W_m2,"(1083.0, 1332.6]",131,0.23815190839694508,0.3115685319777072,0.9987072974642233
Minimum_Air_Temperature_C,Solar_Radiation_W_m2,"(336.999, 595.9]",132,0.26212373737373873,0.3292663281936914,0.9986765819499726
Minimum_Air_Temperature_C,Solar_Radiation_W_m2,"(595.9, 826.3]",131,0.25132137404580257,0.32428914242774726,0.9986671194483698
Minimum_Air_Temperature_C,Solar_Radiation_W_m2,"(826.3, 1083.0]",131,0.2167134860050865,0.29915488225884634,0.998969113095256
Maximum_Air_Temperature_C,External_Temperature_C,"(-20.001, -7.54]",132,0.212819554113719,0.2717562894554805,0.9940432469454611
Maximum_Air_Temperature_C,External_Temperature_C,"(-7.54, 6.29]",131,0.25705830252965234,0.3159566334284261,0.9924525402203348
Maximum_Air_Temperature_C,External_Temperature_C,"(19.4, 39.72]",131,0.2803062358928348,0.36197926617403964,0.9936300861683112
Maximum_Air_Temperature_C,External_Temperature_C,"(6.29, 19.4]",131,0.221588999495797,0.2870058267375119,0.9931812966227295
Maximum_Air_Temperature_C,Wall_Thickness_m,"(0.049, 0.139]",132,0.2619852251184159,0.33105827710109736,0.9988626477519524
Maximum_Air_Temperature_C,Wall_Thickness_m,"(0.139, 0.225]",131,0.23258159854698038,0.29253298535552125,0.9985125566928785
Maximum_Air_Temperature_C,Wall_Thickness_m,"(0.225, 0.309]",131,0.22884901308172442,0.3021048301688486,0.999048909116788
Maximum_Air_Temperature_C,Wall_Thickness_m,"(0.309, 0.4]",131,0.24798194481919775,0.31680603489053044,0.9986444800030415
Maximum_Air_Temperature_C,Solar_Radiation_W_m2,"(1083.0, 1332.6]",131,0.2417785367516704,0.30367332058705215,0.9987579488461434
Maximum_Air_Temperature_C,Solar_Radiation_W_m2,"(336.999, 595.9]",132,0.25840177779372814,0.32725815738778335,0.9986872114685006
Maximum_Air_Temperature_C,Solar_Radiation_W_m2,"(595.9, 826.3]",131,0.24616165297576675,0.31893761653678326,0.9987755210574286
Maximum_Air_Temperature_C,Solar_Radiation_W_m2,"(826.3, 1083.0]",131,0.22508316860488356,0.2929010564349423,0.9989925146144581
Solar_Heat_Input_W,External_Temperature_C,"(-20.001, -7.54]",132,783.9076860730554,1034.5858983320438,0.9891957929731122
Solar_Heat_Input_W,External_Temperature_C,"(-7.54, 6.29]",131,701.9457164162471,1207.1312236299664,0.9885168613358158
Solar_Heat_Input_W,External_Temperature_C,"(19.4, 39.72]",131,756.6490380327134,1099.7687583437737,0.9889255844687308
Solar_Heat_Input_W,External_Temperature_C,"(6.29, 19.4]",131,727.4533223567826,1063.5658091299135,0.9917203084489384
Solar_Heat_Input_W,Wall_Thickness_m,"(0.049, 0.139]",132,757.1831789237201,1140.9507698241994,0.9886139530192714
Solar_Heat_Input_W,Wall_Thickness_m,"(0.139, 0.225]",131,818.6099414378147,1298.728670630939,0.9888176287143421
Solar_Heat_Input_W,Wall_Thickness_m,"(0.225, 0.309]",131,727.9567640246399,961.3277219064057,0.9902675280336871
Solar_Heat_Input_W,Wall_Thickness_m,"(0.309, 0.4]",131,666.4098823639926,976.6345779726078,0.9914968737874517
Solar_Heat_Input_W,Solar_Radiation_W_m2,"(1083.0, 1332.6]",131,918.2453684617345,1255.029402986681,0.9904448061190759
Solar_Heat_Input_W,Solar_Radiation_W_m2,"(336.999, 595.9]",132,519.8530128076168,681.4362046509307,0.9852606437785796
Solar_Heat_Input_W,Solar_Radiation_W_m2,"(595.9, 826.3]",131,665.3862869615997,903.5246968124862,0.9862765633558578
Solar_Heat_Input_W,Solar_Radiation_W_m2,"(826.3, 1083.0]",131,868.486779176591,1420.2156153701867,0.9851145160677087
Heat_Transfer_Rate_W,External_Temperature_C,"(-20.001, -7.54]",132,26.103375855094825,35.63776572459537,0.9696586172872663
Heat_Transfer_Rate_W,External_Temperature_C,"(-7.54, 6.29]",131,18.524599120339904,27.649912062731843,0.9557393061679208
Heat_Transfer_Rate_W,External_Temperature_C,"(19.4, 39.72]",131,22.965060403330845,30.776180959416955,0.9497400368007183
Heat_Transfer_Rate_W,External_Temperature_C,"(6.29, 19.4]",131,17.326091299697712,24.249595057735363,0.9444768334346895
Heat_Transfer_Rate_W,Wall_Thickness_m,"(0.049, 0.139]",132,25.059406217778072,34.60761694672188,0.9850161967585329
Heat_Transfer_Rate_W,Wall_Thickness_m,"(0.139, 0.225]",131,21.586756482537005,28.920553278445226,0.9778926682299572
Heat_Transfer_Rate_W,Wall_Thickness_m,"(0.225, 0.309]",131,19.745151904666933,29.164530320352128,0.9838313732198164
Heat_Transfer_Rate_W,Wall_Thickness_m,"(0.309, 0.4]",131,18.535781307353915,26.18551445288174,0.9788829311702872
Heat_Transfer_Rate_W,Solar_Radiation_W_m2,"(1083.0, 1332.6]",131,23.717829572954223,34.14866783655119,0.9793107519594395
Heat_Transfer_Rate_W,Solar_Radiation_W_m2,"(336.999, 595.9]",132,18.624857473344868,27.28764629105794,0.9847231734053817
Heat_Transfer_Rate_W,Solar_Radiation_W_m2,"(595.9, 826.3]",131,21.871960307350584,29.747990199501004,0.980702374937822
Heat_Transfer_Rate_W,Solar_Radiation_W_m2,"(826.3, 1083.0]",131,20.76156725139185,27.894534119688153,0.9854683560655065
Thermal_Energy_Loss_Wh,External_Temperature_C,"(-20.001, -7.54]",132,957.3773077809375,1370.2464606971705,0.959379100552309
Thermal_Energy_Loss_Wh,External_Temperature_C,"(-7.54, 6.29]",131,747.4476766822694,1161.4562803832187,0.9409507803748741
Thermal_Energy_Loss_Wh,External_Temperature_C,"(19.4, 39.72]",131,77.69578147169295,166.40091520423354,0.0
Thermal_Energy_Loss_Wh,External_Temperature_C,"(6.29, 19.4]",131,395.91809019769727,834.6358161786976,0.9135174806161791
Thermal_Energy_Loss_Wh,Wall_Thickness_m,"(0.049, 0.139]",132,631.9971579562181,1081.984213184398,0.9720649626374739
Thermal_Energy_Loss_Wh,Wall_Thickness_m,"(0.139, 0.225]",131,625.313011725646,1145.4151726346765,0.9474885027061211
Thermal_Energy_Loss_Wh,Wall_Thickness_m,"(0.225, 0.309]",131,427.88152703447474,806.3368440470912,0.9767102005355534
Thermal_Energy_Loss_Wh,Wall_Thickness_m,"(0.309, 0.4]",131,495.73097735385153,907.4213331675394,0.9601624569229188
Thermal_Energy_Loss_Wh,Solar_Radiation_W_m2,"(1083.0, 1332.6]",131,616.2335847199087,1150.0289734112164,0.9559719154658071
Thermal_Energy_Loss_Wh,Solar_Radiation_W_m2,"(336.999, 595.9]",132,451.1518782583878,831.9327364985043,0.9734129148726519
Thermal_Energy_Loss_Wh,Solar_Radiation_W_m2,"(595.9, 826.3]",131,546.4926465661597,1044.144527128992,0.9658796296967108
Thermal_Energy_Loss_Wh,Solar_Radiation_W_m2,"(826.3, 1083.0]",131,568.425062844038,924.6594461209265,0.9717980692681425
