target,Material,n,mae,rmse,r2,mean_error
Average_Air_Temperature_C,Aerated concrete / AAC,63,0.1657457837301572,0.23497816998594243,0.9993272769517485,0.0690107837301593
Average_Air_Temperature_C,Aluminum,49,0.28629787840135773,0.35381007491431066,0.9988020440472444,-0.01954091411564335
Average_Air_Temperature_C,Brick,63,0.17219676256613808,0.25076897714125207,0.9992587206778211,0.05368007605820088
Average_Air_Temperature_C,Composite insulated wall,63,0.17339606812169434,0.24591125479818518,0.9988463703496085,-0.04303047949735476
Average_Air_Temperature_C,Concrete,49,0.21772603741496693,0.2804478260739945,0.9990692970603141,0.037013409863947785
Average_Air_Temperature_C,EPS insulation,49,0.1652575807823116,0.2206206088895289,0.9992760469211924,-0.08052366921768885
Average_Air_Temperature_C,Polyurethane foam (PU),63,0.1486123280423279,0.2011485250210249,0.9994231052357634,-0.005286739417991756
Average_Air_Temperature_C,Rock wool / mineral wool,63,0.2235072056878288,0.2981299694441062,0.9990103960569232,0.04339766203703906
Average_Air_Temperature_C,Wood / timber,63,0.1663704629629657,0.24809757540102922,0.9992826770911786,0.06668642195767184
Minimum_Air_Temperature_C,Aerated concrete / AAC,63,0.2773597883597857,0.3726152339781515,0.9983179592383098,0.12013439153439096
Minimum_Air_Temperature_C,Aluminum,49,0.27999659863945653,0.3429553595102159,0.9988745017187382,0.16864965986394792
Minimum_Air_Temperature_C,Brick,63,0.1937058201058159,0.2593202977504742,0.9992040489056834,0.08191428571427814
Minimum_Air_Temperature_C,Composite insulated wall,63,0.2726391534391518,0.3587890628770782,0.9975449693617429,-0.09325820105819982
Minimum_Air_Temperature_C,Concrete,49,0.2606428571428631,0.30437969310336527,0.9989081902961349,0.07640068027211032
Minimum_Air_Temperature_C,EPS insulation,49,0.20372176870748393,0.26498957216466024,0.9989500334598631,-0.06777210884353159
Minimum_Air_Temperature_C,Polyurethane foam (PU),63,0.21113174603174548,0.25834964205220057,0.9990478381217115,-0.11175396825396908
Minimum_Air_Temperature_C,Rock wool / mineral wool,63,0.24284126984126994,0.3163502630936713,0.9988894877765057,-0.010662433862435212
Minimum_Air_Temperature_C,Wood / timber,63,0.241006349206349,0.33760891925912834,0.9986671679382755,0.10089629629629801
Maximum_Air_Temperature_C,Aerated concrete / AAC,63,0.2667313047562448,0.3297184163863214,0.998666872376583,0.09033201580714033
Maximum_Air_Temperature_C,Aluminum,49,0.3105099518562115,0.38814606745853913,0.9985580504981129,-0.0577880514321133
Maximum_Air_Temperature_C,Brick,63,0.22119832626031014,0.2800804160027869,0.999081326364898,-0.03611146747550817
Maximum_Air_Temperature_C,Composite insulated wall,63,0.23443595026278954,0.28208546792374667,0.9984851728142803,-0.023911955441029392
Maximum_Air_Temperature_C,Concrete,49,0.2580218080446133,0.3504933195913074,0.998537639903682,0.03379151604095206
Maximum_Air_Temperature_C,EPS insulation,49,0.26169565560418784,0.3192717188470878,0.9984973948870575,-0.0776271850036799
Maximum_Air_Temperature_C,Polyurethane foam (PU),63,0.2245856656852207,0.2782109136236402,0.9988980251793322,0.05906273209300379
Maximum_Air_Temperature_C,Rock wool / mineral wool,63,0.21329002051171725,0.280275358443514,0.9991216120613832,0.030209225580209168
Maximum_Air_Temperature_C,Wood / timber,63,0.21807541904055117,0.3022613026939243,0.9989424329009361,-0.029206921331898412
Solar_Heat_Input_W,Aerated concrete / AAC,63,642.2694484133435,912.869020154268,0.991007087892425,269.86591184935224
Solar_Heat_Input_W,Aluminum,49,859.9005810548872,1144.5344266124532,0.9599891939359332,510.79915020660417
Solar_Heat_Input_W,Brick,63,1016.847872848098,1651.4070581507547,0.9843478136670092,-586.4915000623328
Solar_Heat_Input_W,Composite insulated wall,63,561.0496426875515,789.8846161084062,0.9944098288010559,-84.37437278829118
Solar_Heat_Input_W,Concrete,49,680.1705224641021,973.7649556095221,0.994152908409379,-141.10342598212878
Solar_Heat_Input_W,EPS insulation,49,870.1848342514855,1178.843707735176,0.986526776377191,409.0377113668299
Solar_Heat_Input_W,Polyurethane foam (PU),63,830.1151637739941,1182.9665246007314,0.9897403741808618,40.61269124800524
Solar_Heat_Input_W,Rock wool / mineral wool,63,550.5158051412956,797.914050159887,0.9914664919243263,55.85976813223838
Solar_Heat_Input_W,Wood / timber,63,712.6238397141674,1040.2228467162095,0.9914574787631619,-211.33555608436757
Heat_Transfer_Rate_W,Aerated concrete / AAC,63,20.557937143332776,27.364260412691635,0.9812556369215163,-2.6311526641136926
Heat_Transfer_Rate_W,Aluminum,49,30.655029572794497,39.06686454979231,0.9884890827841101,-1.7787530791814061
Heat_Transfer_Rate_W,Brick,63,31.379211317136598,39.86699268832712,0.9816277205041535,1.299725876492286
Heat_Transfer_Rate_W,Composite insulated wall,63,19.251234779595585,25.415746707948813,0.9686938718594046,7.514456167175063
Heat_Transfer_Rate_W,Concrete,49,33.70805231771392,45.26426980358742,0.9840171111404482,7.689096879229234
Heat_Transfer_Rate_W,EPS insulation,49,12.87032522143473,18.02831298529429,0.9700112552410918,1.1566232059263213
Heat_Transfer_Rate_W,Polyurethane foam (PU),63,14.851747093471044,21.1190642209194,0.8829764939616525,3.6517259401438493
Heat_Transfer_Rate_W,Rock wool / mineral wool,63,12.70146281537894,16.743535735487818,0.9792674682201327,-2.450167466613347
Heat_Transfer_Rate_W,Wood / timber,63,18.18018498201473,26.441191953493483,0.9786476652046735,-1.84622407442356
Thermal_Energy_Loss_Wh,Aerated concrete / AAC,63,542.8745345900348,987.6718267336562,0.9446098172478491,245.3837420878256
Thermal_Energy_Loss_Wh,Aluminum,49,671.5174695979017,1266.0021798796445,0.9713507101984552,20.950121819651198
Thermal_Energy_Loss_Wh,Brick,63,948.4911671303531,1419.8963411837574,0.9533975057833444,140.41122699604784
Thermal_Energy_Loss_Wh,Composite insulated wall,63,641.9975220922657,1071.5375875241882,0.9375702137717449,-214.83357225985858
Thermal_Energy_Loss_Wh,Concrete,49,759.3723507742469,1270.9481745101039,0.9744056831822275,-436.2763341133951
Thermal_Energy_Loss_Wh,EPS insulation,49,383.96649227754574,539.5368076428845,0.9408880569388157,-31.08894448046992
Thermal_Energy_Loss_Wh,Polyurethane foam (PU),63,188.92677185656095,362.21698351608615,0.9481273023232021,105.4406375731208
Thermal_Energy_Loss_Wh,Rock wool / mineral wool,63,299.86287256522183,661.7111702191314,0.9435998764739043,-12.645909723743522
Thermal_Energy_Loss_Wh,Wood / timber,63,511.2583721039149,898.2627169560044,0.9748367527083782,89.43220880762848
