target,feature,mae_increase,mae_increase_std
Average_Air_Temperature_C,External_Temperature_C,9.722823241799873,0.3579673736298601
Average_Air_Temperature_C,Initial_Air_Temperature_C,3.083388244752335,0.08827893912030443
Average_Air_Temperature_C,Thermal_Conductivity_W_mK,0.18217398209355035,0.010204608414506001
Average_Air_Temperature_C,Density_kg_m3,0.08002542012078037,0.0058465370358729484
Average_Air_Temperature_C,Wind_Speed_m_s,0.0008693012523357857,0.00031948383886149737
Average_Air_Temperature_C,Shelter_Width_m,0.0005874135325652618,0.0002524314745515051
Average_Air_Temperature_C,Wall_Thickness_m,0.0005231535379517039,0.0011986688760194364
Average_Air_Temperature_C,Time_Step_min,0.00016932482023055418,0.00027380055376522046
Average_Air_Temperature_C,Daily_Solar_Energy_kWh_m2,0.0,0.0
Average_Air_Temperature_C,Relative_Humidity_percent,-1.5207169940711917e-05,0.0003193006880549441
Average_Air_Temperature_C,Material_Category,-9.640447476513269e-05,8.605820709088723e-05
Average_Air_Temperature_C,Simulation_Duration_h,-0.00018053962869498674,0.000950097769854571
Average_Air_Temperature_C,Window_Area_m2,-0.00028063537710565356,0.0006225817959717187
Average_Air_Temperature_C,Material,-0.0003259736117327217,0.0002518257811886684
Average_Air_Temperature_C,Solar_Radiation_W_m2,-0.00035251675166957374,0.0005699702257851659
Average_Air_Temperature_C,Door_Area_m2,-0.0004278555073965795,0.0006478036139005944
Average_Air_Temperature_C,Shelter_Length_m,-0.0007721456609178113,0.00046461652498948846
Average_Air_Temperature_C,Specific_Heat_J_kgK,-0.0007774516538976318,0.0002042493820747559
Average_Air_Temperature_C,Orientation_deg,-0.0012864518194203533,0.0006116008847951119
Average_Air_Temperature_C,Opening_Area_m2,-0.0013572878150108325,0.0005937540248838655
Average_Air_Temperature_C,Shelter_Height_m,-0.0016854029320803932,0.00044228941072892543
Heat_Transfer_Rate_W,External_Temperature_C,176.62684512555506,4.417163418647283
Heat_Transfer_Rate_W,Thermal_Conductivity_W_mK,55.51910019941282,4.681435411269438
Heat_Transfer_Rate_W,Initial_Air_Temperature_C,45.95539048587021,3.041010920607735
Heat_Transfer_Rate_W,Wall_Thickness_m,13.740655539225097,2.427554338252577
Heat_Transfer_Rate_W,Density_kg_m3,9.255569776935348,0.9973703977567866
Heat_Transfer_Rate_W,Shelter_Length_m,6.594418404488143,1.1785701867513174
Heat_Transfer_Rate_W,Shelter_Width_m,4.1618909558967285,0.28511614566922344
Heat_Transfer_Rate_W,Shelter_Height_m,3.450607971063132,0.5374945801121541
Heat_Transfer_Rate_W,Wind_Speed_m_s,0.6593215354127551,0.13797834262715283
Heat_Transfer_Rate_W,Opening_Area_m2,0.22665721415431433,0.13674763937624507
Heat_Transfer_Rate_W,Window_Area_m2,0.03154476648227629,0.022764978419699478
Heat_Transfer_Rate_W,Material_Category,0.004798934432271551,0.01627397844352012
Heat_Transfer_Rate_W,Daily_Solar_Energy_kWh_m2,0.0,0.0
Heat_Transfer_Rate_W,Solar_Radiation_W_m2,-0.01903558039955584,0.0936976031317641
Heat_Transfer_Rate_W,Simulation_Duration_h,-0.024167403576721824,0.0994345111277438
Heat_Transfer_Rate_W,Material,-0.03489288875967915,0.028686537604613295
Heat_Transfer_Rate_W,Time_Step_min,-0.04108650173083106,0.05335781214891722
Heat_Transfer_Rate_W,Specific_Heat_J_kgK,-0.055414593858304786,0.08025060372124018
Heat_Transfer_Rate_W,Door_Area_m2,-0.08546351924217674,0.0716589927061818
Heat_Transfer_Rate_W,Relative_Humidity_percent,-0.10802454099717025,0.09154706076237772
Heat_Transfer_Rate_W,Orientation_deg,-0.11001812681063469,0.1744765306699396
Maximum_Air_Temperature_C,External_Temperature_C,9.659010725925926,0.35274120608140414
Maximum_Air_Temperature_C,Initial_Air_Temperature_C,3.042916592592594,0.07792062498871849
Maximum_Air_Temperature_C,Density_kg_m3,0.09887517037037079,0.01605738897858774
Maximum_Air_Temperature_C,Material_Category,0.05276014814814735,0.006380351382319027
Maximum_Air_Temperature_C,Material,0.020795407407406985,0.0046065143019118834
Maximum_Air_Temperature_C,Thermal_Conductivity_W_mK,0.014178192592592842,0.002632424554381802
Maximum_Air_Temperature_C,Wall_Thickness_m,0.014000029629629752,0.00296315947407614
Maximum_Air_Temperature_C,Specific_Heat_J_kgK,0.005589807407407221,0.0013434758184803922
Maximum_Air_Temperature_C,Relative_Humidity_percent,0.0022306666666675025,0.0016561626527943963
Maximum_Air_Temperature_C,Opening_Area_m2,0.0015328592592592561,0.0015721515835285282
Maximum_Air_Temperature_C,Wind_Speed_m_s,0.0008219259259265033,0.0006149639658442778
Maximum_Air_Temperature_C,Time_Step_min,6.157037037053392e-05,0.001972023844462291
Maximum_Air_Temperature_C,Orientation_deg,5.771851851851251e-05,0.0010372911587056327
Maximum_Air_Temperature_C,Door_Area_m2,-0.0002462518518518197,0.0008651345261676951
Maximum_Air_Temperature_C,Simulation_Duration_h,-0.00026776296296248113,0.0008220000906487561
Maximum_Air_Temperature_C,Shelter_Width_m,-0.0002707555555553909,0.0006875344046160641
Maximum_Air_Temperature_C,Shelter_Length_m,-0.0002991111111113387,0.0013362127755784444
Maximum_Air_Temperature_C,Window_Area_m2,-0.0006949925925925027,0.0008494986545047736
Maximum_Air_Temperature_C,Daily_Solar_Energy_kWh_m2,-0.0010159999999992176,0.0014038815311965998
Maximum_Air_Temperature_C,Shelter_Height_m,-0.0013722074074069223,0.0012990879724922198
Maximum_Air_Temperature_C,Solar_Radiation_W_m2,-0.0013910518518514992,0.0006707282472608197
Minimum_Air_Temperature_C,External_Temperature_C,9.666615737336759,0.35541843646562504
Minimum_Air_Temperature_C,Initial_Air_Temperature_C,3.0405842154768776,0.09080777254567778
Minimum_Air_Temperature_C,Thermal_Conductivity_W_mK,0.36933449593243306,0.023632007620766098
Minimum_Air_Temperature_C,Density_kg_m3,0.09483879249942892,0.011260711044644624
Minimum_Air_Temperature_C,Wall_Thickness_m,0.01325786678849945,0.003463573886282998
Minimum_Air_Temperature_C,Shelter_Width_m,0.0012792784073491603,0.000558787408227061
Minimum_Air_Temperature_C,Simulation_Duration_h,0.0012094157889593004,0.0005706197583415062
Minimum_Air_Temperature_C,Wind_Speed_m_s,0.00034877726439972443,0.0003124862725174115
Minimum_Air_Temperature_C,Window_Area_m2,0.0003325317193361377,0.00015414590736917836
Minimum_Air_Temperature_C,Shelter_Height_m,0.0002054956481896464,0.0006111955065455434
Minimum_Air_Temperature_C,Door_Area_m2,0.00012001258469011012,0.0007462450032410679
Minimum_Air_Temperature_C,Specific_Heat_J_kgK,0.00010828888826215355,0.0004277746354121613
Minimum_Air_Temperature_C,Solar_Radiation_W_m2,6.808387735227628e-05,0.000244920257079955
Minimum_Air_Temperature_C,Time_Step_min,5.140601956753477e-05,0.0002521088877459286
Minimum_Air_Temperature_C,Material_Category,0.0,0.0
Minimum_Air_Temperature_C,Daily_Solar_Energy_kWh_m2,0.0,0.0
Minimum_Air_Temperature_C,Orientation_deg,-0.00023283903437252285,0.00029647055661598227
Minimum_Air_Temperature_C,Opening_Area_m2,-0.00040400161934143195,0.00029608776480981254
Minimum_Air_Temperature_C,Material,-0.0005407618554090776,0.00018786975367579721
Minimum_Air_Temperature_C,Relative_Humidity_percent,-0.0008512602715244455,0.0009288006803555339
Minimum_Air_Temperature_C,Shelter_Length_m,-0.0009206615237738802,0.0008379783302772955
Solar_Heat_Input_W,Orientation_deg,8505.221473180161,364.11640308202647
Solar_Heat_Input_W,Solar_Radiation_W_m2,3493.7628527713764,302.40608811178424
Solar_Heat_Input_W,Shelter_Length_m,831.336842192758,85.28850952838285
Solar_Heat_Input_W,Shelter_Height_m,828.7621068606804,63.990398463969015
Solar_Heat_Input_W,Thermal_Conductivity_W_mK,584.8287538359839,45.098788128627554
Solar_Heat_Input_W,Shelter_Width_m,574.8910189493922,72.5483183845793
Solar_Heat_Input_W,Density_kg_m3,250.30205509721867,39.98689023028355
Solar_Heat_Input_W,Material_Category,111.235982544033,28.842000845774134
Solar_Heat_Input_W,Material,81.72720972092944,18.70611597700224
Solar_Heat_Input_W,Specific_Heat_J_kgK,27.12195745240774,10.635888672640515
Solar_Heat_Input_W,Opening_Area_m2,4.06404618665515,2.690624086463008
Solar_Heat_Input_W,Window_Area_m2,3.7544227761462023,6.414730658646252
Solar_Heat_Input_W,Initial_Air_Temperature_C,1.8198739832941555,2.6840314414854083
Solar_Heat_Input_W,Door_Area_m2,1.4352511293565384,5.484338080264839
Solar_Heat_Input_W,Relative_Humidity_percent,1.0902152194390056,4.001478170673007
Solar_Heat_Input_W,Wind_Speed_m_s,0.8334905139081912,4.059022261058014
Solar_Heat_Input_W,Time_Step_min,0.11535909198819354,1.5140419361290387
Solar_Heat_Input_W,Daily_Solar_Energy_kWh_m2,0.0,0.0
Solar_Heat_Input_W,Wall_Thickness_m,-0.35830971422942637,1.3837490666540904
Solar_Heat_Input_W,External_Temperature_C,-2.489162908014987,2.8912791755119525
Solar_Heat_Input_W,Simulation_Duration_h,-6.198303675563375,4.761225822475431
Thermal_Energy_Loss_Wh,External_Temperature_C,3243.23743306846,193.54129698918493
Thermal_Energy_Loss_Wh,Thermal_Conductivity_W_mK,1224.9699570012117,147.4709547359963
Thermal_Energy_Loss_Wh,Simulation_Duration_h,1054.710679320847,107.85123433113861
Thermal_Energy_Loss_Wh,Initial_Air_Temperature_C,779.2439675439912,68.07710902758996
Thermal_Energy_Loss_Wh,Wall_Thickness_m,290.6355407746845,45.96514199255397
Thermal_Energy_Loss_Wh,Density_kg_m3,239.2951312694153,31.309248761831295
Thermal_Energy_Loss_Wh,Shelter_Height_m,90.67130985220282,17.761633879586768
Thermal_Energy_Loss_Wh,Shelter_Length_m,66.41936752254112,18.595590502741413
Thermal_Energy_Loss_Wh,Shelter_Width_m,57.907236931138115,12.174292490918535
Thermal_Energy_Loss_Wh,Wind_Speed_m_s,10.832843925132806,5.8424387482136755
Thermal_Energy_Loss_Wh,Material_Category,7.194251379339994,3.315641372216902
Thermal_Energy_Loss_Wh,Opening_Area_m2,6.658180106506483,3.8118081147265688
Thermal_Energy_Loss_Wh,Specific_Heat_J_kgK,4.464817804417862,2.6200853188647657
Thermal_Energy_Loss_Wh,Material,3.7268397001404994,1.4219512586068797
Thermal_Energy_Loss_Wh,Solar_Radiation_W_m2,0.9494170706045224,1.9454165331341655
Thermal_Energy_Loss_Wh,Time_Step_min,0.6691581238923391,0.643422847089989
Thermal_Energy_Loss_Wh,Relative_Humidity_percent,0.5008755878422335,3.1831473250444486
Thermal_Energy_Loss_Wh,Daily_Solar_Energy_kWh_m2,0.0,0.0
Thermal_Energy_Loss_Wh,Door_Area_m2,-0.062046935323678554,1.1356161470899058
Thermal_Energy_Loss_Wh,Window_Area_m2,-0.7228589045653735,1.1245773404228798
Thermal_Energy_Loss_Wh,Orientation_deg,-7.244949355333984,2.4449484059778097
