Case_ID,Material,External_Temperature_C,Wall_Thickness_m,Solar_Radiation_W_m2,target,actual,predicted,error,absolute_error
CASE_03031,Aluminum,-19.04,0.253,498.3,Average_Air_Temperature_C,-0.908,0.2858716356955137,1.1938716356955137,1.1938716356955137
CASE_03506,Concrete,36.67,0.076,808.8,Average_Air_Temperature_C,22.758,23.917622551741854,1.1596225517418546,1.1596225517418546
CASE_03732,Aerated concrete / AAC,38.37,0.267,638.2,Average_Air_Temperature_C,30.814,29.831546280794583,-0.9824537192054166,0.9824537192054166
CASE_04085,Aerated concrete / AAC,24.27,0.083,627.9,Average_Air_Temperature_C,17.879,18.84344829067809,0.9644482906780887,0.9644482906780887
CASE_03395,Rock wool / mineral wool,36.9,0.117,1228.0,Average_Air_Temperature_C,20.756,21.71598787779045,0.95998787779045,0.95998787779045
CASE_04391,Aerated concrete / AAC,17.54,0.35,930.4,Average_Air_Temperature_C,15.227,14.286593670775108,-0.9404063292248921,0.9404063292248921
CASE_03639,Aluminum,-18.8,0.275,934.7,Average_Air_Temperature_C,-3.646,-2.7257530426178116,0.9202469573821883,0.9202469573821883
CASE_03006,Rock wool / mineral wool,24.6,0.143,369.8,Average_Air_Temperature_C,16.019,16.853816149419313,0.8348161494193143,0.8348161494193143
CASE_04111,Polyurethane foam (PU),38.07,0.232,1099.7,Average_Air_Temperature_C,20.759,21.592784102751953,0.8337841027519524,0.8337841027519524
CASE_04350,Brick,-14.7,0.355,463.3,Average_Air_Temperature_C,-1.829,-1.0111682792654635,0.8178317207345365,0.8178317207345365
CASE_03796,Brick,-0.31,0.3,376.3,Heat_Transfer_Rate_W,-595.0995,-422.78351539324365,172.3159846067564,172.3159846067564
CASE_03165,Aerated concrete / AAC,39.58,0.089,1032.4,Heat_Transfer_Rate_W,376.576,208.3972078426397,-168.17879215736033,168.17879215736033
CASE_03232,Wood / timber,-19.85,0.282,684.1,Heat_Transfer_Rate_W,-675.0062,-528.6134748850321,146.3927251149679,146.3927251149679
CASE_03428,Aerated concrete / AAC,-7.08,0.317,1222.0,Heat_Transfer_Rate_W,-213.0768,-320.5064025224795,-107.42960252247951,107.42960252247951
CASE_03261,Wood / timber,-17.72,0.249,1291.4,Heat_Transfer_Rate_W,-209.8125,-305.64727234479716,-95.83477234479716,95.83477234479716
CASE_04404,Aluminum,36.01,0.352,1001.1,Heat_Transfer_Rate_W,503.4784,409.4694655026393,-94.00893449736071,94.00893449736071
CASE_04321,Wood / timber,-13.66,0.229,838.4,Heat_Transfer_Rate_W,-173.5405,-264.13932230282416,-90.59882230282415,90.59882230282415
CASE_03254,Brick,-16.37,0.262,816.3,Heat_Transfer_Rate_W,-412.2832,-501.91916871151807,-89.63596871151805,89.63596871151805
CASE_04432,Aerated concrete / AAC,-9.66,0.35,671.8,Heat_Transfer_Rate_W,-148.7618,-236.8229793657158,-88.06117936571582,88.06117936571582
CASE_03016,Polyurethane foam (PU),-13.88,0.11,594.7,Heat_Transfer_Rate_W,-201.0615,-288.3118905638316,-87.25039056383159,87.25039056383159
CASE_03165,Aerated concrete / AAC,39.58,0.089,1032.4,Maximum_Air_Temperature_C,30.38,28.789466666666645,-1.5905333333333544,1.5905333333333544
CASE_03436,Brick,37.9,0.139,733.5,Maximum_Air_Temperature_C,31.98,30.63379999999997,-1.3462000000000316,1.3462000000000316
CASE_03555,Aluminum,39.72,0.366,744.7,Maximum_Air_Temperature_C,31.54,30.284466666666642,-1.2555333333333571,1.2555333333333571
CASE_04111,Polyurethane foam (PU),38.07,0.232,1099.7,Maximum_Air_Temperature_C,21.23,22.424766666666663,1.1947666666666628,1.1947666666666628
CASE_03031,Aluminum,-19.04,0.253,498.3,Maximum_Air_Temperature_C,1.49,2.6820000000000017,1.1920000000000017,1.1920000000000017
CASE_03489,Aluminum,20.4,0.25,763.1,Maximum_Air_Temperature_C,22.1,20.945033333333324,-1.1549666666666774,1.1549666666666774
CASE_03851,Aluminum,22.58,0.286,959.9,Maximum_Air_Temperature_C,21.33,20.219299999999947,-1.110700000000051,1.110700000000051
CASE_04026,Aluminum,20.83,0.142,1007.5,Maximum_Air_Temperature_C,22.49,21.39413333333334,-1.0958666666666588,1.0958666666666588
CASE_03879,Wood / timber,29.25,0.152,937.5,Maximum_Air_Temperature_C,28.49,27.394733333333388,-1.0952666666666104,1.0952666666666104
CASE_03417,Aluminum,20.35,0.142,603.5,Maximum_Air_Temperature_C,20.04,19.01176666666665,-1.0282333333333504,1.0282333333333504
CASE_03031,Aluminum,-19.04,0.253,498.3,Minimum_Air_Temperature_C,-2.51,-1.1722906854039068,1.337709314596093,1.337709314596093
CASE_03639,Aluminum,-18.8,0.275,934.7,Minimum_Air_Temperature_C,-5.24,-4.126389232461351,1.113610767538649,1.113610767538649
CASE_03599,Aluminum,10.45,0.192,980.4,Minimum_Air_Temperature_C,7.37,8.395776105553345,1.0257761055533452,1.0257761055533452
CASE_03107,Wood / timber,-10.34,0.2,1084.7,Minimum_Air_Temperature_C,-3.48,-2.4610225076784666,1.0189774923215333,1.0189774923215333
CASE_03927,Aluminum,18.46,0.345,693.4,Minimum_Air_Temperature_C,17.72,18.724918587851857,1.0049185878518578,1.0049185878518578
CASE_03732,Aerated concrete / AAC,38.37,0.267,638.2,Minimum_Air_Temperature_C,30.13,29.12983348419316,-1.0001665158068391,1.0001665158068391
CASE_04142,Wood / timber,-14.59,0.35,923.1,Minimum_Air_Temperature_C,1.31,0.3436325340383728,-0.9663674659616273,0.9663674659616273
CASE_04391,Aerated concrete / AAC,17.54,0.35,930.4,Minimum_Air_Temperature_C,14.65,13.70832426542578,-0.9416757345742202,0.9416757345742202
CASE_04176,Wood / timber,14.46,0.051,514.0,Minimum_Air_Temperature_C,8.65,9.58347883608812,0.9334788360881188,0.9334788360881188
CASE_03941,Aluminum,-8.75,0.335,575.0,Minimum_Air_Temperature_C,0.14,1.0212215003045335,0.8812215003045335,0.8812215003045335
CASE_03141,Brick,-1.27,0.187,1170.8,Solar_Heat_Input_W,45203.88,39191.76166078956,-6012.118339210436,6012.118339210436
CASE_03191,Brick,-5.1,0.131,1317.0,Solar_Heat_Input_W,27239.47,22668.672152981228,-4570.797847018774,4570.797847018774
CASE_03476,Concrete,8.35,0.156,679.5,Solar_Heat_Input_W,26510.03,22298.817471000093,-4211.212528999906,4211.212528999906
CASE_03087,Polyurethane foam (PU),-9.74,0.287,1324.8,Solar_Heat_Input_W,37549.16,33389.8575477112,-4159.302452288801,4159.302452288801
CASE_03941,Aluminum,-8.75,0.335,575.0,Solar_Heat_Input_W,9095.29,12824.35971839116,3729.0697183911598,3729.0697183911598
CASE_03178,Rock wool / mineral wool,21.87,0.214,395.6,Solar_Heat_Input_W,19255.77,15639.219214654404,-3616.5507853455965,3616.5507853455965
CASE_04329,Concrete,16.71,0.225,1180.9,Solar_Heat_Input_W,39909.93,36767.581317532386,-3142.3486824676147,3142.3486824676147
CASE_04117,Wood / timber,-13.28,0.353,969.6,Solar_Heat_Input_W,31515.73,28375.88041668076,-3139.849583319239,3139.849583319239
CASE_03759,EPS insulation,0.31,0.149,714.4,Solar_Heat_Input_W,18729.46,21806.22047965977,3076.7604796597698,3076.7604796597698
CASE_03292,Concrete,17.67,0.4,1310.6,Solar_Heat_Input_W,5152.58,8076.8675411775785,2924.2875411775785,2924.2875411775785
CASE_04486,Aluminum,-7.76,0.336,819.4,Thermal_Energy_Loss_Wh,29703.5,21769.23598720354,-7934.264012796459,7934.264012796459
CASE_03261,Wood / timber,-17.72,0.249,1291.4,Thermal_Energy_Loss_Wh,8665.3,15577.223624009835,6911.923624009836,6911.923624009836
CASE_03232,Wood / timber,-19.85,0.282,684.1,Thermal_Energy_Loss_Wh,26932.7,20413.798556179045,-6518.901443820956,6518.901443820956
CASE_03796,Brick,-0.31,0.3,376.3,Thermal_Energy_Loss_Wh,19578.8,13485.034190681798,-6093.765809318202,6093.765809318202
CASE_03476,Concrete,8.35,0.156,679.5,Thermal_Energy_Loss_Wh,14642.4,8725.79847211985,-5916.60152788015,5916.60152788015
CASE_03254,Brick,-16.37,0.262,816.3,Thermal_Energy_Loss_Wh,16821.2,22446.02762189508,5624.827621895078,5624.827621895078
CASE_04432,Aerated concrete / AAC,-9.66,0.35,671.8,Thermal_Energy_Loss_Wh,6813.3,11746.653357278685,4933.353357278685,4933.353357278685
CASE_03265,Brick,-15.71,0.257,1066.2,Thermal_Energy_Loss_Wh,16286.0,21141.15569564167,4855.155695641672,4855.155695641672
CASE_04350,Brick,-14.7,0.355,463.3,Thermal_Energy_Loss_Wh,11357.2,16104.614224149796,4747.414224149796,4747.414224149796
CASE_04409,Composite insulated wall,-20.0,0.094,770.9,Thermal_Energy_Loss_Wh,18818.8,14155.41834988302,-4663.381650116979,4663.381650116979
